{
  "all": 277.03309523809526,
  "train": 321.05857142857144,
  "valtest": 255.02035714285714
}
