{
  "BinRushed": 220.0715532286213,
  "MESSIDOR": 183.0040650406504,
  "Magrabi": 429.9425925925926
}
